author,title,abstract,abstract_embedded
"C. Bal\'azs, E. L. Berger, P. M. Nadolsky, C.-P. Yuan","Calculation of prompt diphoton production cross sections at Tevatron and
  LHC energies","  A fully differential calculation in perturbative quantum chromodynamics is
presented for the production of massive photon pairs at hadron colliders. All
next-to-leading order perturbative contributions from quark-antiquark,
gluon-(anti)quark, and gluon-gluon subprocesses are included, as well as
all-orders resummation of initial-state gluon radiation valid at
next-to-next-to-leading logarithmic accuracy. The region of phase space is
specified in which the calculation is most reliable. Good agreement is
demonstrated with data from the Fermilab Tevatron, and predictions are made for
more detailed tests with CDF and DO data. Predictions are shown for
distributions of diphoton pairs produced at the energy of the Large Hadron
Collider (LHC). Distributions of the diphoton pairs from the decay of a Higgs
boson are contrasted with those produced from QCD processes at the LHC, showing
that enhanced sensitivity to the signal can be obtained with judicious
selection of events.
","[tensor([-9.1432e-02, -6.5238e-02, -4.0436e-02, -5.7057e-02,  1.7331e-02,
         1.3368e-02, -3.0619e-02,  2.1762e-02,  1.5479e-02,  4.8674e-02,
         7.2428e-02, -3.1153e-02,  4.9105e-02,  9.7064e-03, -5.5759e-02,
        -2.3469e-03, -2.1146e-02, -3.5687e-02, -7.3353e-02,  2.8861e-02,
         3.2140e-02,  1.0339e-01,  1.2288e-02, -3.1903e-03,  7.7923e-02,
        -3.4885e-02, -7.7284e-02, -5.4023e-02,  1.1376e-01, -1.2394e-03,
         8.7346e-02,  5.8901e-02, -8.2447e-03, -1.9810e-03,  1.7754e-01,
         8.9455e-03,  2.8198e-02, -2.6848e-02,  3.4012e-02,  4.9195e-02,
         3.9233e-02, -2.6703e-03, -2.5468e-02,  5.9018e-02,  7.1476e-02,
        -6.9261e-03,  1.4575e-02, -4.9244e-03, -6.6397e-02,  4.2928e-02,
        -1.3678e-02, -2.7800e-02, -8.1535e-03,  5.9664e-02, -2.7872e-02,
         1.3199e-02,  4.1255e-03, -7.2448e-02, -6.1769e-02, -3.8787e-02,
         2.6108e-02, -2.2305e-02, -2.3781e-02,  1.6691e-02,  4.7346e-02,
         2.9978e-03, -3.3509e-02,  3.8968e-02,  5.1875e-02,  1.0698e-01,
        -8.7724e-02, -3.4334e-02, -3.9806e-02, -3.4926e-02,  4.5633e-02,
        -9.3457e-02,  1.0602e-02, -5.8054e-02, -2.2225e-02, -5.7538e-02,
         3.9415e-02, -6.1335e-04,  1.6260e-02,  2.4771e-02, -1.3272e-02,
        -5.1073e-02, -6.9656e-02,  2.1585e-02,  7.8513e-02, -3.6577e-02,
        -4.0890e-02, -5.6920e-02, -1.3556e-02, -1.2315e-03,  2.0858e-03,
         6.8329e-02, -4.9599e-02, -5.8098e-02,  1.4659e-01, -4.1317e-02,
         3.6407e-02, -6.2371e-02,  1.7129e-02, -1.3899e-02, -6.7398e-02,
        -4.4999e-02,  2.3653e-02,  1.0862e-01,  4.1466e-03, -3.2680e-02,
         4.6787e-02,  1.6262e-02,  4.7199e-02, -4.6673e-02, -9.7912e-03,
        -4.8880e-02,  5.4146e-02, -5.2270e-02,  6.4081e-02,  1.1991e-02,
        -6.2690e-02,  1.3933e-02, -7.2476e-02,  7.1369e-02, -8.1722e-03,
        -9.8042e-03,  3.2539e-02, -4.0662e-31,  2.6403e-02, -7.9106e-02,
         3.7373e-02, -5.0172e-02,  1.3191e-02,  8.9562e-02,  7.5735e-03,
        -1.0987e-01, -2.2332e-02,  4.3567e-02, -1.4904e-02,  9.5273e-03,
        -4.5869e-02,  8.4612e-02, -5.1951e-02, -1.3562e-02, -5.1958e-02,
         7.5922e-02, -1.1006e-02, -5.2893e-02, -7.4079e-03,  8.8767e-02,
        -2.6359e-02, -4.7433e-02,  3.2222e-02,  7.0053e-02,  1.1311e-02,
        -2.0712e-02, -1.6420e-01, -1.6689e-02,  5.8124e-02,  3.8020e-02,
        -8.4807e-03, -1.3831e-02,  1.5648e-02,  1.8576e-02, -1.1547e-01,
        -5.9707e-02, -4.3275e-02, -1.4930e-02, -1.7617e-02,  1.5342e-02,
        -5.8090e-02,  9.2879e-03, -1.8067e-02, -5.0615e-03, -3.8328e-02,
         2.3390e-02,  4.5342e-02, -3.4433e-02, -2.0821e-02,  4.5910e-02,
         2.9053e-02, -3.3998e-02,  8.0682e-02,  3.3407e-03,  5.0315e-02,
         3.2931e-02,  2.1731e-02,  4.8757e-02, -1.3983e-03, -8.4581e-02,
         3.0925e-02, -8.1872e-02,  6.9096e-02, -8.5669e-02, -1.9424e-02,
         4.0374e-02,  5.1393e-03,  4.4555e-02, -4.3107e-02,  2.9940e-04,
         6.0344e-02, -1.2300e-02,  1.0230e-01, -2.3859e-02, -1.1058e-01,
         1.4065e-02, -3.8279e-02,  8.4014e-03, -1.0967e-01, -3.5189e-02,
        -1.2645e-01, -5.6931e-02, -9.4269e-02, -2.8139e-02,  1.3479e-02,
        -2.0750e-02, -1.6657e-02, -4.2777e-02, -1.3889e-02, -2.5136e-02,
         5.9103e-02,  4.5289e-02, -8.5938e-02, -5.9160e-33, -4.0889e-02,
         6.3054e-02, -2.0693e-02,  4.3581e-02,  1.5741e-02, -2.1960e-02,
        -1.3604e-02,  2.9180e-03,  1.6895e-02,  7.6709e-03,  8.6827e-02,
         9.1559e-02, -8.5525e-02, -1.0279e-02, -6.3210e-02,  1.2914e-01,
        -3.7645e-03, -1.9753e-02,  9.7347e-03,  5.7621e-02,  1.4970e-02,
         6.0184e-03,  1.6361e-02,  4.2450e-02, -9.9371e-03,  3.8569e-02,
         6.1609e-02, -8.4466e-02,  1.0962e-02,  8.4707e-02, -1.4854e-02,
        -4.1839e-02, -4.5916e-03,  3.2182e-02, -7.6973e-03, -8.6654e-02,
         8.0541e-02,  1.3734e-02, -3.6457e-02, -7.9439e-02,  6.6719e-02,
         8.9820e-02,  3.6312e-02,  3.2916e-03, -1.6120e-02,  5.7492e-02,
         5.6595e-03,  1.6570e-02, -5.8028e-02,  2.6500e-02, -3.5825e-02,
         1.8921e-03,  6.4795e-02,  6.9695e-03,  3.3370e-02,  6.5833e-02,
        -3.4491e-02, -3.5672e-02, -7.2269e-02, -8.8047e-03, -8.7103e-02,
         3.5291e-03, -6.1047e-02,  2.2048e-02, -3.0444e-02,  1.5217e-02,
        -8.3127e-02,  7.4406e-02,  2.3295e-02, -1.2038e-02,  5.7045e-03,
         2.2623e-02,  3.7038e-02, -5.9633e-02,  1.8273e-02,  1.1790e-03,
         7.1862e-02, -7.7989e-02,  6.1911e-03, -1.1260e-02, -7.5927e-02,
         3.3773e-02, -5.6180e-02,  2.1979e-02,  1.1303e-02,  2.7578e-02,
        -6.7552e-02,  5.1597e-02,  9.6606e-03, -6.1893e-02,  5.0105e-02,
         3.1412e-02, -4.2460e-02,  3.9962e-02,  4.8934e-02, -5.3653e-33,
        -1.7646e-02, -1.0361e-01, -4.1453e-02, -2.0963e-02,  3.3336e-03,
        -1.1912e-02,  2.5182e-02,  3.9603e-02,  3.5707e-03,  6.8377e-02,
         4.9084e-02, -3.6906e-02,  8.0038e-03, -1.7236e-01,  5.6408e-03,
        -1.2294e-02, -8.9652e-03, -6.5119e-03, -8.7760e-03, -5.3147e-02,
        -3.1526e-02,  4.8580e-02,  6.5836e-02, -5.1782e-02, -3.7668e-02,
         1.3776e-01, -1.5586e-02,  1.6431e-02, -3.8899e-02, -4.4569e-02,
         1.4542e-01, -1.0146e-02, -7.6360e-02,  1.9371e-02, -4.5554e-02,
         6.6757e-03,  5.4340e-02, -4.0883e-02,  5.2420e-02,  5.2518e-02,
        -3.3813e-02,  5.2150e-02,  9.4743e-02,  3.1272e-02,  4.1007e-02,
         2.6008e-02, -2.9383e-02,  4.4505e-02,  7.3276e-02, -2.9858e-02,
        -1.1278e-02, -1.7470e-02,  7.6465e-03, -3.8926e-02, -2.4350e-02,
         1.7814e-02,  2.6313e-03, -1.6310e-02,  1.1876e-02,  1.4075e-02,
         8.6455e-02,  5.9024e-02,  4.4322e-02, -1.9616e-02], device='mps:0'), tensor([-1.1600e-01, -8.6436e-04, -5.5486e-02, -1.0508e-02,  6.9678e-02,
        -3.8232e-02, -1.2262e-02,  9.7083e-02,  1.5511e-02, -2.7522e-04,
         5.5870e-02, -4.9928e-02,  8.3495e-02, -5.8089e-02, -1.4482e-01,
         1.5185e-02, -4.6354e-02, -1.5663e-02, -3.0273e-02, -1.2366e-02,
        -3.4999e-02,  1.0015e-01,  4.9440e-02,  4.5791e-02,  7.6425e-02,
        -2.5082e-02, -3.4850e-02, -2.3109e-02,  5.6958e-02, -2.4758e-02,
         1.0917e-01,  5.1529e-02, -1.9290e-02,  1.9370e-02,  1.2778e-01,
         2.8472e-02, -1.6258e-02, -6.5387e-02,  5.9277e-02,  5.6854e-02,
         3.0329e-02, -5.6245e-03, -3.0048e-03,  5.1810e-02, -9.6072e-03,
         3.2501e-02, -5.6221e-02, -4.6745e-03, -9.0575e-02,  5.6429e-02,
         1.7324e-03, -8.7181e-03, -2.9425e-02,  6.3982e-02, -7.8169e-02,
        -5.2128e-03, -1.0283e-01, -1.2650e-01, -7.9344e-02,  1.5372e-02,
        -4.7225e-02,  4.5892e-02, -2.6218e-03,  2.1655e-02,  6.3513e-02,
         5.1585e-02, -2.7767e-02, -1.6100e-02,  7.6069e-02, -3.1482e-02,
         2.8843e-02,  9.4901e-03,  1.9214e-02, -4.9575e-03,  5.9125e-02,
        -1.2880e-01,  4.7468e-02, -4.0851e-02, -4.4187e-02, -6.1379e-02,
        -1.1695e-02, -1.0959e-02,  5.2013e-02, -1.1662e-02,  1.2175e-02,
         3.0079e-02, -3.1814e-02,  6.6133e-02,  3.6475e-03, -3.7140e-02,
         3.3448e-02, -4.9015e-02, -6.2845e-02,  3.6052e-02, -4.8711e-02,
         8.3857e-02, -7.0563e-03, -4.6617e-02,  1.1310e-01,  1.0500e-02,
         3.7606e-02,  4.3792e-02,  4.8585e-03, -5.3876e-02, -5.2768e-02,
        -9.5304e-02,  6.3121e-02,  8.1158e-02,  2.7326e-03, -1.9828e-02,
         2.5857e-02, -9.3539e-03,  1.3735e-02, -4.2890e-02, -6.9076e-02,
        -8.5701e-02,  1.4680e-02, -2.4729e-02,  2.6100e-03, -5.6890e-02,
        -3.5452e-02,  1.6879e-02, -3.8461e-02,  7.8407e-02, -9.2214e-03,
        -1.9171e-03, -1.4207e-03, -4.9060e-31,  8.2925e-02, -5.2874e-02,
         2.2629e-02, -1.9058e-02, -5.9589e-02,  7.4193e-02, -1.2287e-02,
        -9.0066e-02, -7.8585e-03,  6.1118e-02, -7.5971e-02,  2.3211e-02,
        -7.1539e-02,  3.6930e-02, -8.3983e-02, -1.2738e-02, -5.8629e-02,
         6.9436e-02, -7.3185e-03, -1.2504e-02, -1.1999e-03,  3.8699e-02,
         5.5002e-02, -1.3302e-02,  9.1084e-02,  6.5762e-02, -6.1663e-02,
         1.7377e-02, -1.3718e-01, -1.9855e-02,  4.4743e-02,  8.7949e-03,
        -7.6886e-03, -2.6643e-02,  3.5602e-03,  4.0336e-02, -5.7446e-02,
        -6.8586e-02, -2.3322e-02, -1.0727e-02, -1.8804e-02,  6.5011e-02,
         3.2203e-02, -8.9051e-02, -1.6511e-02, -2.4264e-02, -5.9135e-02,
        -1.1997e-03,  2.7934e-02,  2.5918e-02,  2.3138e-02,  2.2325e-02,
         5.5189e-02,  2.0893e-03,  7.9791e-02, -2.8175e-02,  4.8271e-02,
         1.0944e-02,  6.3066e-02,  1.3883e-01,  2.8396e-02, -2.0443e-02,
        -6.5775e-03, -3.8237e-02,  4.1174e-02,  4.4313e-02, -4.5111e-02,
        -1.6420e-03,  2.7203e-02,  8.0163e-02, -1.7404e-03, -2.6972e-02,
         5.7078e-02, -5.3249e-02,  2.9112e-02, -5.0839e-02, -1.1449e-01,
        -7.2662e-02, -3.8944e-02,  1.8613e-02,  2.8822e-02, -4.8589e-02,
        -1.3125e-01, -7.9242e-02, -5.6280e-02,  1.9821e-03,  1.3357e-02,
        -5.7905e-02, -2.4631e-02, -2.1770e-03,  5.5723e-03,  3.2692e-02,
        -1.7748e-02, -3.7424e-02,  4.8703e-04, -5.8856e-33, -1.0029e-01,
         6.5657e-02,  1.5262e-02, -4.0171e-04, -3.8054e-02, -4.3228e-02,
        -2.0931e-02,  1.4532e-02,  1.5597e-02,  1.3001e-02,  1.1189e-01,
         3.3356e-02, -1.5916e-01, -3.2719e-02, -1.0846e-01,  7.7651e-02,
         2.1870e-02, -3.5026e-02,  4.9691e-02,  4.7476e-02, -9.1441e-03,
         3.3984e-02, -4.6490e-02, -3.0479e-02,  1.0630e-02,  9.5027e-03,
         6.8692e-02, -1.9408e-02,  4.1874e-02, -2.4507e-02,  2.4163e-02,
        -8.1392e-02,  1.1248e-02,  7.1944e-02,  6.5965e-02, -4.7805e-02,
         8.7530e-02,  1.8531e-02,  7.6388e-03, -9.5755e-02,  6.1595e-02,
         7.8239e-02, -5.5110e-03, -2.3605e-02,  2.6156e-02,  6.2439e-02,
        -1.6535e-02, -4.6493e-03,  7.2229e-02,  2.6994e-02,  4.3420e-03,
        -7.7559e-02, -1.1935e-02,  3.6821e-02,  2.0052e-02,  1.5588e-02,
        -6.0041e-02,  2.6560e-02, -1.2840e-02, -5.4795e-02, -2.0150e-02,
         6.2419e-04, -9.5219e-02,  7.4693e-02, -3.3950e-02,  1.1919e-02,
        -6.3955e-02,  1.5662e-02, -1.2553e-02,  6.0833e-02, -1.8540e-02,
         8.0346e-04,  9.3183e-02, -6.5570e-02,  1.4637e-02, -1.8003e-02,
         1.1311e-02, -1.5050e-02,  7.3490e-02,  1.8295e-03,  1.2499e-02,
        -1.3969e-02,  1.4614e-02,  1.7927e-02,  5.1026e-02,  4.8843e-02,
        -1.5953e-02, -3.7739e-02,  1.8560e-03, -4.6344e-02,  4.5938e-02,
         1.3944e-02,  2.6784e-03,  6.2233e-02,  4.4703e-02, -4.9817e-33,
         3.9816e-04, -1.1305e-01, -6.2958e-02, -3.6895e-02, -1.8400e-02,
         1.6324e-02,  9.9035e-02, -2.2504e-02, -2.4973e-02,  1.5624e-02,
         2.7398e-02,  1.5691e-02, -3.0665e-02, -8.8679e-02,  3.3285e-02,
         2.5657e-02, -8.2676e-03, -2.5165e-02, -1.3259e-02,  1.1090e-02,
        -5.1522e-02,  1.0033e-02,  1.1363e-01, -1.7806e-02, -2.8789e-02,
         9.8568e-02,  5.8904e-03,  1.7153e-02, -3.7569e-02, -2.3456e-02,
         8.9588e-02, -5.8946e-03, -1.6187e-02, -5.6824e-02,  8.5681e-02,
         2.1308e-02, -2.7947e-02, -1.9477e-02,  1.1949e-01,  5.6126e-02,
        -9.6655e-02,  5.6168e-02, -6.0739e-03,  2.2019e-02,  6.8861e-02,
        -3.8514e-02, -4.7823e-03,  2.1150e-02,  1.7378e-02, -3.2681e-02,
        -8.7177e-03, -8.7385e-02,  1.3067e-02, -8.3295e-02, -4.1733e-02,
        -1.8131e-03,  7.2800e-03,  4.6095e-02,  3.5400e-02, -2.4239e-02,
         5.4616e-02, -8.1798e-03,  4.0696e-02,  5.9826e-03], device='mps:0'), tensor([ 3.3663e-02, -4.7821e-02, -3.6424e-02, -5.7901e-02,  6.3237e-02,
        -1.1161e-03,  4.7294e-02, -4.3640e-02,  1.2402e-02,  1.1621e-02,
         8.3274e-02, -1.6156e-02,  2.0780e-02, -3.0078e-02, -5.8800e-02,
        -1.2964e-02,  6.0882e-02,  8.6144e-02, -1.0660e-01,  1.9216e-02,
         8.5013e-03,  6.8801e-02,  3.4077e-02,  4.3810e-02, -3.7371e-02,
         2.2273e-02, -4.7634e-02, -7.9344e-02,  8.6545e-02,  4.5851e-03,
         8.4353e-02, -3.9057e-03, -1.1080e-02, -1.3803e-02,  7.1129e-02,
         4.4612e-02, -3.3241e-02, -6.2068e-02,  7.7630e-02, -1.1208e-02,
        -2.0406e-02, -1.4663e-02, -5.7689e-02,  5.8378e-02,  5.4447e-03,
        -4.3205e-02,  1.8922e-02,  2.8508e-02, -4.4779e-02, -1.1972e-02,
        -2.6171e-02,  2.0202e-02, -1.4683e-03, -5.4846e-02, -8.8990e-02,
         3.5032e-02, -1.2533e-02, -6.6554e-02, -6.7628e-02, -2.5084e-02,
         1.7181e-02,  4.9059e-02, -1.9588e-02,  4.7970e-02,  5.0462e-02,
         1.1584e-03, -2.3127e-02, -7.2107e-03,  8.3458e-02,  4.7179e-02,
        -4.5548e-03, -4.4791e-02,  6.0696e-02,  1.3025e-02,  5.9430e-02,
        -1.8029e-01,  9.8261e-04, -7.3140e-02, -5.9045e-02, -3.0759e-02,
         4.4410e-03, -7.6650e-02,  1.0016e-01,  1.2749e-02, -1.6707e-03,
        -4.1031e-02, -2.8439e-02,  4.6679e-02, -1.3540e-02,  4.8207e-02,
        -7.5926e-02, -3.2289e-02,  6.7652e-04,  7.2168e-02,  1.8560e-03,
         1.5832e-02, -7.2193e-02, -3.3539e-02,  7.3663e-02,  2.5904e-02,
         3.8304e-02,  3.4965e-02, -4.9123e-02,  6.1913e-02,  1.1007e-02,
        -9.2355e-02,  1.5160e-03, -1.3735e-02, -5.0418e-02,  2.4518e-02,
        -1.7936e-02, -2.0311e-02,  6.9686e-03, -5.6556e-02, -7.2127e-02,
        -3.9994e-02,  6.0694e-02,  2.5239e-03,  5.9109e-02,  1.9482e-02,
         1.4629e-02, -4.7080e-02, -8.0354e-02,  8.8119e-02,  3.3192e-02,
        -8.1956e-02,  1.9373e-03,  1.0581e-32, -2.1570e-02, -1.4118e-02,
        -6.9964e-02, -4.5079e-02,  3.9516e-03,  5.0753e-02, -5.7166e-02,
        -1.2216e-01, -1.3988e-02,  6.4924e-02, -5.3804e-02,  2.8960e-02,
        -1.4998e-02,  9.4520e-02, -1.3558e-02,  4.5933e-02, -8.3106e-02,
         7.2367e-02,  1.0069e-01, -1.0803e-02, -2.1399e-02, -2.0452e-02,
         2.0185e-02,  1.2982e-02,  5.2303e-02,  1.9875e-02, -4.7592e-02,
         7.8595e-03, -7.3481e-02, -1.7187e-02,  2.8259e-02, -2.5934e-02,
         2.2963e-02, -5.8696e-02,  3.6909e-02,  3.6512e-02,  4.1764e-03,
        -8.2576e-02, -4.8597e-02,  1.0707e-02, -2.8820e-02, -2.1486e-02,
        -4.1399e-03,  2.7741e-02, -4.8025e-02, -1.9522e-02, -8.4643e-02,
         1.9570e-02, -9.7897e-03, -3.5002e-03,  4.4342e-02,  2.4154e-02,
         1.3068e-01, -2.5745e-02,  2.8304e-02, -1.3039e-02,  2.2672e-03,
        -2.1309e-02,  1.8850e-02,  3.7541e-02,  5.4011e-02, -7.8873e-02,
         6.8715e-02, -9.2513e-02,  1.1129e-01, -1.5349e-02, -4.8145e-03,
         2.0072e-02,  2.2213e-05, -5.9851e-02, -9.5770e-02,  2.3838e-02,
         6.1565e-02, -1.0601e-01, -8.7718e-02, -3.7538e-02, -8.9277e-02,
        -3.8435e-02,  2.5365e-02,  1.3106e-02, -2.5093e-02, -5.8369e-02,
        -2.7283e-02, -4.9061e-02, -8.2137e-02,  1.0833e-03, -3.3556e-02,
        -6.2574e-02, -3.6499e-02,  3.1287e-02,  6.9539e-02,  4.3565e-02,
        -1.9349e-02, -2.5004e-02,  6.5884e-03, -3.9250e-33, -7.3939e-02,
         5.2040e-02, -5.1389e-02,  9.2740e-02, -1.6600e-02,  2.6977e-02,
         1.4803e-02, -4.7417e-02,  6.2709e-02, -4.0404e-02,  1.8046e-02,
         3.5900e-02, -6.9800e-02, -5.3592e-03, -8.0026e-02,  4.6083e-02,
        -5.8255e-02,  6.0058e-02, -3.5893e-02,  2.3571e-02,  9.9926e-03,
         6.2787e-02, -1.7461e-02, -3.8640e-02,  2.3187e-02, -2.7333e-03,
         5.9882e-02,  2.2568e-02, -1.5599e-02,  2.4681e-02, -6.2803e-03,
         5.2616e-02, -3.5238e-03, -8.6364e-03,  5.6963e-02,  3.8444e-02,
         1.1042e-01,  2.6290e-02, -4.4153e-02, -3.9546e-02,  6.2382e-02,
         1.2116e-01,  1.8068e-02, -5.0211e-02, -2.9246e-02,  8.0701e-02,
        -2.4186e-02, -2.4661e-03, -2.5846e-02,  3.4080e-02,  1.6902e-02,
        -6.1648e-02,  3.0705e-02, -5.0261e-03,  3.4327e-02,  9.2331e-02,
        -5.1625e-02, -4.9417e-02, -2.5101e-03,  3.4525e-02, -3.1415e-02,
         9.5903e-03, -1.4501e-01,  2.0429e-02,  4.2701e-02,  4.3030e-02,
        -1.1776e-01,  1.7071e-02,  7.0858e-02,  4.0877e-02,  5.3180e-02,
         7.1945e-02,  7.4346e-02, -5.9411e-02,  6.8973e-03,  4.1382e-02,
         9.9151e-02,  1.2156e-02, -3.3376e-02,  2.2702e-02,  2.3594e-02,
         4.6256e-02, -4.1496e-03,  3.7814e-03,  5.4638e-02,  9.5673e-02,
        -5.5087e-02, -2.5273e-02, -4.4288e-02, -3.4145e-02,  6.4256e-02,
         3.1123e-02, -4.4282e-02, -5.3162e-03, -5.6171e-02, -5.5481e-33,
        -8.8663e-02, -1.0696e-01, -6.9545e-02, -9.3927e-02,  5.5474e-02,
         6.0060e-02,  7.8208e-02, -9.3498e-02, -3.9876e-02, -9.7534e-02,
         2.1960e-02, -4.6675e-02,  2.5536e-02, -8.6530e-02,  4.3103e-02,
         2.7300e-02,  6.2642e-03, -1.6158e-03, -2.5007e-02,  1.4888e-02,
         6.4366e-04,  2.2871e-02,  9.0518e-02, -1.1869e-02,  1.2659e-02,
         1.1325e-01, -6.6487e-02,  7.6775e-02, -3.9743e-04, -3.9754e-02,
         5.7100e-02, -1.9421e-02, -2.5950e-02,  2.3259e-02,  1.5306e-02,
         3.1005e-02, -1.1870e-02, -6.5722e-02, -2.6602e-02,  7.0263e-02,
         5.6362e-03, -1.2007e-02,  2.4489e-02,  3.6479e-02,  6.1807e-02,
         6.0756e-02,  9.3411e-03,  1.6171e-02,  8.7321e-02, -9.3007e-03,
         3.7884e-02, -1.8158e-04,  3.5338e-02,  3.5494e-02, -6.4943e-03,
        -1.8980e-02,  8.1165e-02,  4.1220e-02, -9.0854e-03,  8.5013e-02,
         5.9319e-02,  9.2391e-02, -1.1465e-02, -5.2137e-02], device='mps:0')]"
Ileana Streinu and Louis Theran,Sparsity-certifying Graph Decompositions,"  We describe a new algorithm, the $(k,\ell)$-pebble game with colors, and use
it obtain a characterization of the family of $(k,\ell)$-sparse graphs and
algorithmic solutions to a family of problems concerning tree decompositions of
graphs. Special instances of sparse graphs appear in rigidity theory and have
received increased attention in recent years. In particular, our colored
pebbles generalize and strengthen the previous results of Lee and Streinu and
give a new proof of the Tutte-Nash-Williams characterization of arboricity. We
also present a new decomposition that certifies sparsity based on the
$(k,\ell)$-pebble game with colors. Our work also exposes connections between
pebble game algorithms and previous sparse graph algorithms by Gabow, Gabow and
Westermann and Hendrickson.
","[tensor([-9.6156e-03, -2.4538e-03, -2.8526e-02, -2.3139e-02, -3.6305e-03,
        -4.5726e-03, -5.8231e-02, -5.8495e-02, -1.3020e-02,  6.1986e-03,
         4.5151e-02, -1.9292e-02,  1.4429e-02, -1.4320e-02, -5.2880e-02,
         4.5245e-02, -8.9952e-03,  5.4154e-02, -6.6112e-02,  3.7731e-02,
        -2.5404e-02,  2.1592e-02,  4.0623e-03, -3.1133e-02, -9.9918e-03,
         2.7137e-02, -1.9368e-02, -3.7764e-02,  5.3414e-02, -3.3266e-02,
         4.4700e-02,  7.1421e-02,  3.0874e-02, -3.2649e-03,  1.0099e-01,
         2.3799e-02,  9.7623e-03, -4.8537e-02,  3.8307e-02,  5.8362e-02,
        -2.1807e-02, -9.6811e-04, -1.0712e-01,  3.2988e-02, -4.4005e-03,
         1.6380e-03, -4.4293e-02,  3.9534e-02, -5.8160e-02, -4.4055e-02,
        -7.6857e-02, -5.3737e-02, -5.3367e-02, -1.1815e-01, -8.3165e-03,
         1.6036e-02, -1.3287e-02, -1.0968e-02, -3.6645e-03, -5.6216e-02,
         6.6748e-02,  2.1479e-02,  1.8265e-02,  3.2066e-02,  8.0208e-02,
         5.5691e-02,  4.2933e-02,  1.3390e-02, -6.1185e-03,  2.9687e-02,
        -5.4851e-03,  4.7787e-02,  9.7574e-02,  7.5968e-03,  8.4882e-02,
        -3.3562e-02, -2.3957e-02, -6.0996e-02, -7.0219e-02, -5.4105e-02,
        -3.0517e-02, -8.2651e-03,  2.9737e-02, -3.8084e-02, -4.0665e-02,
        -3.1806e-02, -6.3428e-02, -1.8928e-02, -9.0438e-03, -5.5387e-02,
        -6.0771e-02, -6.1360e-02, -4.7618e-02,  2.6414e-02, -3.0589e-02,
         8.5397e-02, -5.9562e-02, -1.7716e-02, -1.0981e-02,  2.5451e-02,
         1.3980e-02,  2.1777e-02,  1.1361e-01,  1.4949e-02, -2.8328e-04,
        -5.6028e-02, -6.0206e-02, -1.9751e-02, -8.1380e-03,  5.7246e-03,
         4.3890e-02, -3.5671e-02, -5.1453e-02,  9.0128e-03, -6.9128e-02,
        -1.0602e-01,  2.4926e-02, -1.3735e-01,  6.5811e-02,  1.0154e-01,
         4.4508e-02,  7.9053e-02, -1.0251e-01,  8.1073e-02,  3.6868e-02,
        -1.6035e-02, -1.3203e-01, -2.8166e-31,  6.6998e-02,  4.3216e-02,
        -3.5850e-02, -1.0734e-02,  2.7211e-02,  3.2507e-02, -4.0551e-02,
        -1.1296e-01, -1.7415e-02,  4.8213e-03, -5.1282e-02,  1.5466e-02,
        -4.7467e-02,  8.7013e-02,  4.6343e-02, -3.0212e-02, -1.1621e-02,
         2.6112e-03,  5.9064e-02, -4.1463e-02, -1.5894e-02,  1.0745e-01,
         6.9394e-02, -6.1503e-02,  7.0747e-02,  3.1238e-02,  4.0206e-03,
        -5.7387e-02, -9.1496e-02, -8.2904e-03,  6.8998e-02, -6.6847e-03,
         2.8937e-05,  6.8797e-03, -4.7101e-03,  3.0283e-02, -2.5756e-02,
        -8.1947e-02, -3.3663e-03, -4.6301e-02, -2.4482e-02, -1.3928e-02,
         3.3131e-03,  4.6545e-02, -3.2757e-02,  5.2071e-02,  2.1290e-02,
        -5.0046e-02,  1.1493e-02, -1.7191e-02, -1.2863e-02,  2.4768e-02,
         8.2291e-02,  4.8207e-03,  3.7728e-02, -9.2913e-02,  2.0550e-02,
        -2.7198e-02, -1.0915e-02,  2.5829e-02,  6.1130e-02, -1.6455e-02,
         7.4383e-02, -3.3779e-02,  7.4658e-02,  1.5587e-02, -4.7131e-02,
         6.7784e-02,  1.1747e-02, -7.5675e-02, -2.6488e-02,  2.4346e-02,
         1.3564e-01, -6.9756e-02, -7.7768e-02,  1.2421e-02, -2.0145e-02,
        -1.1774e-01, -4.7276e-02, -1.6393e-02, -4.5477e-02, -2.5882e-02,
        -5.4906e-02, -8.6402e-02, -1.6586e-01, -1.1143e-04,  7.4426e-02,
         3.2377e-02,  5.8968e-03, -5.5578e-02,  2.7371e-02,  4.0578e-02,
        -6.7421e-02, -9.6532e-02,  2.1935e-02, -6.4295e-33, -9.1544e-02,
         3.6365e-02, -4.2287e-02,  9.6514e-02, -1.9111e-02, -2.6198e-02,
        -1.0552e-01, -1.1356e-02,  2.3506e-02, -5.2000e-02, -3.7790e-02,
         4.1376e-02,  1.3495e-03,  3.9656e-03, -6.1042e-02,  3.5284e-02,
        -6.9580e-02,  1.2123e-02,  3.0389e-02,  3.2141e-02, -4.8593e-02,
         4.4984e-02, -6.3913e-02, -1.7138e-02,  6.7315e-02,  3.7727e-03,
         3.4012e-02, -6.7936e-02, -5.4044e-02,  1.0344e-01,  1.7427e-02,
        -8.9928e-02,  4.5126e-02, -7.6012e-02,  6.3620e-02, -4.6561e-03,
         8.0558e-03, -8.5001e-02, -3.7766e-02, -7.1936e-02,  2.5012e-02,
         1.1434e-02, -3.1701e-02, -8.6760e-02, -1.6888e-02,  9.1629e-02,
        -1.3761e-02,  4.4954e-02,  5.1566e-02, -5.0909e-02,  3.1431e-02,
        -3.5868e-02,  6.8262e-02, -7.4460e-02, -6.5941e-03, -2.4056e-02,
        -1.0966e-03,  7.3681e-02, -8.4449e-02,  4.7479e-02, -8.5697e-02,
         5.2163e-02, -5.0311e-02,  2.2303e-02,  1.7258e-02, -1.7844e-02,
        -4.6271e-02, -9.3172e-02,  2.2507e-03,  3.2444e-02,  3.5514e-03,
         7.8698e-02, -6.2788e-04,  1.8501e-03,  4.5393e-02,  1.0326e-01,
         2.9443e-02,  2.1184e-02, -2.9084e-02,  3.2284e-02, -2.0213e-02,
         8.0898e-03, -2.9813e-02,  4.0516e-02,  4.4881e-02,  3.2466e-02,
        -6.9794e-02,  5.6609e-02,  1.9293e-02, -3.0772e-02,  6.8095e-02,
         4.2747e-02,  1.2852e-02,  6.1296e-02,  2.6128e-02, -4.7100e-33,
        -3.0522e-03, -2.4415e-02,  1.9060e-03,  2.7091e-03,  6.8965e-02,
        -8.6530e-03,  1.4647e-01, -3.3865e-02, -3.9009e-02,  4.5248e-02,
        -3.9150e-02, -3.2775e-02, -6.4465e-03, -1.8901e-02,  7.3248e-02,
         3.9837e-02,  7.4942e-02, -7.5018e-02, -2.9298e-02,  7.3307e-02,
        -5.8916e-02,  3.5703e-02,  6.3796e-02, -4.8184e-02,  1.9912e-03,
         8.1358e-02, -5.4599e-02, -2.3150e-02, -1.8328e-02,  5.5036e-02,
         9.5718e-02,  3.5393e-02,  1.5857e-03, -1.5941e-02,  1.5014e-02,
         1.4615e-02,  4.2117e-02,  1.1130e-01, -5.4368e-02,  6.8743e-02,
        -6.9299e-02, -4.3783e-02,  7.6354e-02, -1.9850e-02,  1.8806e-02,
        -6.0158e-03, -3.1993e-02,  5.2034e-02,  9.0974e-02, -1.4323e-02,
        -2.1259e-02, -1.6050e-02,  1.7309e-02,  3.4250e-02,  2.6362e-02,
        -2.9764e-02,  5.4727e-02,  7.3980e-02,  4.1736e-02,  2.3852e-02,
         6.8234e-03, -1.8566e-02,  6.1417e-02, -1.2736e-02], device='mps:0'), tensor([ 2.4997e-03,  3.8313e-03, -6.8965e-03, -1.6263e-02, -1.9084e-03,
        -2.8307e-02, -3.5045e-02, -7.8528e-02, -5.8388e-02, -3.4355e-02,
        -1.8346e-02, -3.0295e-02, -5.6360e-03, -2.7328e-02, -1.0264e-01,
         5.2824e-02,  8.2780e-03,  5.6460e-02, -3.9136e-02, -1.2998e-02,
        -6.5767e-03, -1.3504e-02,  1.6872e-02, -3.6934e-02, -5.5440e-03,
        -4.0346e-02, -4.1635e-02,  2.5196e-02,  4.1615e-03, -2.4482e-02,
         5.8288e-02,  6.1385e-02,  3.3322e-03, -2.3667e-02,  9.9706e-02,
         1.5074e-02, -5.3092e-03, -2.2976e-02, -1.1066e-03,  6.1428e-02,
         2.3155e-03, -2.3379e-02, -9.9426e-02,  6.9268e-02, -8.9967e-02,
        -2.4689e-02, -7.0468e-02,  8.8465e-03, -6.8661e-02, -2.2953e-03,
        -7.5703e-02, -2.5011e-02, -6.8796e-02, -1.0063e-01, -1.0996e-02,
         3.8757e-02, -4.1608e-03, -1.4302e-02, -6.1130e-02, -6.3178e-02,
         9.2630e-02, -1.0534e-02, -9.0544e-03,  6.2283e-02,  7.7561e-02,
         3.6522e-02,  1.2929e-02,  4.0365e-02, -5.0056e-02,  2.0546e-02,
         1.7894e-02,  3.0001e-02,  4.8139e-03, -9.8541e-03,  2.5173e-02,
         6.3326e-03, -3.9111e-02, -1.4171e-02, -6.7982e-02, -9.9733e-03,
        -2.8726e-02, -3.0441e-02,  7.7657e-02, -3.0186e-02, -9.2225e-03,
         5.9015e-03, -6.1605e-02, -1.5502e-02, -4.2888e-03, -3.2463e-02,
        -4.8677e-03, -4.7056e-02, -4.5428e-02,  5.5778e-03, -3.5494e-02,
         1.0495e-01, -5.1494e-02, -1.8185e-02,  6.4947e-03,  4.7974e-02,
        -2.0620e-02,  8.5622e-03,  6.9729e-02, -4.1053e-02,  1.7527e-02,
        -6.1764e-02, -5.7553e-02,  3.6042e-03, -5.5955e-02,  1.3986e-02,
         2.7049e-02,  4.7926e-02, -2.5951e-02,  2.7689e-02, -6.5239e-02,
        -1.3985e-02,  6.4585e-02, -1.0709e-01,  5.3399e-02,  5.0045e-02,
         4.7762e-02,  7.3278e-02, -1.2954e-01,  9.8159e-02,  5.6826e-02,
        -1.1426e-02, -7.7548e-02, -2.4293e-31,  7.3700e-02,  5.6614e-02,
        -1.2785e-02, -4.5783e-02,  1.3025e-02,  1.2077e-02,  5.0845e-02,
        -1.0769e-01, -2.0915e-02,  1.4430e-02, -4.0451e-02,  4.9209e-02,
        -4.6938e-02,  4.8879e-02,  5.3200e-02, -6.4659e-03, -1.9626e-02,
         1.0833e-02,  4.7494e-02, -7.1428e-02,  3.6326e-02,  4.1700e-02,
         3.3181e-02, -2.3507e-02, -1.8502e-02,  6.3573e-02, -4.0337e-02,
        -9.7376e-02, -9.8831e-02,  7.0916e-04,  4.9330e-02,  1.3928e-02,
         9.7923e-03, -4.3221e-03,  3.7707e-02,  1.7107e-02, -5.5359e-02,
        -7.7846e-02, -4.9629e-02, -2.0317e-02,  1.2584e-02, -2.2465e-02,
         5.5943e-02,  3.4403e-02, -4.7455e-02,  6.2866e-03, -1.7417e-02,
        -3.3030e-02,  5.7893e-03,  6.5923e-02,  6.5391e-02,  2.8323e-02,
         9.1043e-02, -6.3186e-03,  3.4871e-02, -7.8192e-02,  2.3165e-02,
        -4.9051e-02, -4.5600e-02,  3.8462e-02,  9.7950e-02, -5.1260e-02,
         8.8913e-02, -1.3245e-02,  3.1947e-02,  8.4876e-03,  3.1687e-03,
         3.4036e-02,  6.2247e-03, -5.3487e-02, -1.6454e-02,  3.8441e-02,
         9.5820e-02, -2.8579e-02, -8.0183e-02, -2.5926e-02, -2.8806e-02,
        -9.9462e-02, -4.0524e-02, -7.3840e-02, -1.9774e-02, -1.4869e-02,
        -7.2608e-02, -9.4013e-02, -1.5133e-01, -5.3865e-03,  7.0408e-02,
         3.7375e-02,  9.3295e-03, -6.8091e-03,  3.7094e-02,  6.3627e-02,
        -9.1970e-02, -1.2965e-02,  1.5688e-02, -5.8736e-33, -1.0222e-01,
        -3.0114e-02, -2.6499e-02,  1.0298e-01, -4.2537e-02,  8.2731e-04,
        -8.0974e-02, -1.9362e-02,  2.3524e-02, -2.2472e-02, -6.5237e-02,
         8.3754e-02, -3.9760e-04, -1.2783e-03, -8.0878e-02,  1.6948e-02,
        -8.2504e-04,  3.2040e-02,  7.8236e-03,  9.1110e-03, -6.0970e-02,
         1.0579e-01, -4.5726e-02, -2.5084e-02,  2.6075e-02, -2.4859e-02,
         6.2426e-02, -1.0949e-01, -5.5332e-02,  9.1540e-02,  3.8127e-02,
        -6.2492e-02,  6.2524e-02, -2.7489e-02,  4.8334e-02,  2.3354e-02,
         7.8216e-02, -8.2293e-02, -3.1005e-02,  1.7553e-02,  7.3143e-02,
        -1.7590e-02, -5.4302e-02, -1.8948e-02, -3.3385e-02,  3.9202e-02,
        -4.2292e-02,  4.0154e-02,  1.0643e-02, -6.3882e-03,  3.3075e-02,
        -2.4493e-02,  5.5454e-02, -3.5819e-02, -2.3490e-03,  2.4510e-04,
        -2.6650e-02, -1.5605e-02, -9.8212e-02,  7.8199e-02, -7.8236e-02,
         8.6871e-02, -9.6387e-02,  5.3376e-02,  6.1347e-02,  1.5174e-02,
        -1.0415e-01, -6.3434e-02, -9.0719e-02,  2.3331e-02, -1.7084e-02,
         6.3257e-02, -8.3873e-04,  5.8540e-03,  4.8878e-02,  6.5320e-02,
         5.1348e-02,  6.6000e-02, -7.0616e-02,  4.4092e-02, -5.8972e-02,
         1.8240e-02, -1.4387e-02,  6.9509e-02,  6.6635e-02,  2.9658e-02,
        -6.3419e-02,  4.8684e-02, -1.8796e-02, -7.3308e-02,  8.2779e-02,
         2.3718e-02,  3.4931e-02,  3.7526e-02,  3.4386e-02, -2.7417e-33,
        -2.0170e-02, -6.6186e-02, -5.6812e-02, -6.0752e-04,  3.3900e-02,
         4.1827e-02,  9.5359e-02, -2.2724e-02, -2.1471e-02,  3.4597e-02,
        -3.6881e-02, -3.9819e-02, -3.0208e-02, -1.1415e-02,  5.7170e-02,
         2.0208e-02,  7.0800e-02, -4.5504e-02, -5.7120e-02,  5.6290e-02,
        -5.4356e-02,  7.5898e-03,  5.2096e-02, -4.4657e-02,  8.1320e-03,
         6.3014e-02, -6.5821e-02, -5.5560e-02,  9.2405e-03,  4.0285e-02,
         9.7361e-02,  1.4768e-02,  2.4387e-02, -3.5318e-03,  3.2796e-02,
         9.1148e-02,  1.1782e-01,  9.0056e-02, -2.8501e-02,  5.6348e-02,
        -1.4524e-01, -3.2334e-02,  3.8760e-02, -2.8028e-02,  4.8469e-02,
         1.3978e-02, -6.9377e-02, -5.1923e-04,  7.6810e-02, -1.2493e-02,
        -1.8229e-03, -4.7236e-02,  6.5136e-02, -3.2161e-02,  1.6388e-02,
         4.9786e-03,  8.2684e-02,  9.1106e-02,  9.1745e-02,  5.7670e-03,
         1.5235e-02, -1.1090e-02,  4.5003e-02, -2.5853e-03], device='mps:0')]"
Hongjun Pan,"The evolution of the Earth-Moon system based on the dark matter field
  fluid model","  The evolution of Earth-Moon system is described by the dark matter field
fluid model proposed in the Meeting of Division of Particle and Field 2004,
American Physical Society. The current behavior of the Earth-Moon system agrees
with this model very well and the general pattern of the evolution of the
Moon-Earth system described by this model agrees with geological and fossil
evidence. The closest distance of the Moon to Earth was about 259000 km at 4.5
billion years ago, which is far beyond the Roche's limit. The result suggests
that the tidal friction may not be the primary cause for the evolution of the
Earth-Moon system. The average dark matter field fluid constant derived from
Earth-Moon system data is 4.39 x 10^(-22) s^(-1)m^(-1). This model predicts
that the Mars's rotation is also slowing with the angular acceleration rate
about -4.38 x 10^(-22) rad s^(-2).
","[tensor([-5.5021e-02, -2.7717e-02,  1.0142e-02, -4.8223e-02,  3.7925e-03,
         2.1781e-02, -1.0774e-01,  3.9874e-02, -1.0962e-02, -3.3752e-02,
         1.9752e-02, -8.4769e-02,  4.0978e-02, -1.0982e-01, -1.0418e-01,
        -4.8610e-02, -7.9618e-03,  1.7585e-02, -8.9229e-02,  5.5869e-03,
         2.4824e-02,  8.8550e-02,  1.3810e-02,  6.2310e-02, -1.6958e-02,
         5.5491e-02,  3.4302e-02,  2.3889e-02, -7.5942e-02,  1.7419e-02,
         2.0747e-02, -1.1759e-02, -6.3753e-04, -5.0697e-02,  1.3367e-03,
        -1.0641e-02, -5.3038e-02,  2.2159e-02,  4.8508e-02, -1.5878e-02,
        -5.7719e-02, -5.4285e-02,  5.3087e-02,  5.2277e-04,  8.7938e-03,
         2.6152e-02, -2.9254e-02, -7.7039e-02, -2.6644e-02, -1.8345e-02,
        -2.5766e-02, -8.9414e-03, -6.0053e-02,  3.6350e-02, -5.2100e-03,
        -4.8761e-02, -4.5465e-02, -1.8080e-02, -5.3566e-02, -3.9309e-02,
        -1.8819e-02, -2.1319e-02,  4.0643e-02, -2.1006e-02,  3.5670e-02,
         4.3940e-02, -6.5156e-02, -6.8697e-02, -3.5363e-02, -5.2400e-02,
        -5.7710e-02,  4.6996e-02, -5.7390e-02,  4.2871e-02, -3.7155e-02,
         1.2487e-02,  3.9494e-02,  1.0893e-01, -4.8061e-03, -1.9669e-02,
         2.9478e-02,  2.1236e-02, -3.6815e-03,  3.9913e-02, -1.2859e-02,
         5.0052e-02, -2.1507e-02,  8.0590e-02, -1.6529e-02, -3.2598e-02,
         1.1270e-01, -4.5603e-02, -8.2929e-02,  8.8393e-02,  2.3569e-02,
        -3.3852e-02,  2.0962e-02, -9.4546e-02,  7.7736e-02, -2.1767e-02,
         2.1608e-02,  1.1729e-01, -1.2580e-02,  3.9962e-02,  5.6772e-02,
        -2.9557e-03, -3.4700e-02,  1.4226e-02,  1.1412e-01,  4.6189e-02,
         2.7296e-02, -1.0576e-01, -4.7560e-02, -2.9904e-02, -7.8890e-02,
        -1.3190e-01, -1.0831e-02, -2.2972e-02, -9.5682e-03, -6.9838e-03,
         2.8293e-02, -1.3230e-02,  5.1815e-03,  5.8789e-02,  3.4223e-02,
        -6.8724e-02, -7.8748e-02, -9.3211e-33,  2.8985e-02,  4.8568e-02,
         3.9223e-02, -8.1469e-02, -4.1953e-02, -3.3896e-02, -5.5172e-02,
        -3.2984e-02, -7.5278e-02,  8.0652e-02, -5.9502e-02,  5.8019e-03,
         2.8469e-02, -9.0975e-03,  5.5350e-02,  8.0309e-02, -1.6458e-03,
         4.5985e-03,  2.7956e-02,  1.5662e-02, -1.2448e-02,  3.1089e-02,
         6.7410e-02, -1.7162e-02,  6.2658e-03,  4.9079e-02, -1.9969e-02,
        -4.4344e-04, -3.3329e-02, -2.4239e-02,  6.3960e-02, -2.9173e-02,
         4.1546e-02, -6.9534e-02,  1.4592e-02,  6.1089e-03,  3.4555e-02,
        -5.0079e-02, -1.7434e-02, -2.6433e-02,  1.6112e-01, -3.4554e-02,
         1.0369e-02, -3.8513e-02,  8.8334e-02, -1.5506e-02,  2.8967e-02,
        -8.2840e-02,  8.9257e-02,  2.4270e-02,  2.2486e-02,  1.4190e-02,
         3.2175e-02, -5.3004e-02,  1.1104e-01, -2.5277e-02, -4.5024e-02,
        -9.4065e-03, -2.4934e-02,  1.3499e-01, -2.3514e-02, -9.1733e-02,
         1.1115e-02, -2.8238e-02,  8.7395e-02, -3.3521e-02, -6.5763e-02,
        -2.1363e-02, -5.6469e-02,  1.3301e-03,  4.4814e-03, -4.6558e-02,
         2.8652e-02,  9.3629e-03,  4.2588e-02, -5.0295e-02,  7.4803e-02,
        -7.3653e-02,  2.2363e-02,  4.2490e-03, -8.1495e-02,  5.9887e-02,
        -5.9774e-02, -8.1111e-02, -1.0319e-01,  4.1734e-02,  1.1483e-02,
         1.0537e-01, -5.8459e-02, -8.0050e-02,  3.0483e-02,  4.4855e-03,
        -3.7624e-02,  9.0850e-02,  1.1300e-02, -5.7006e-33, -7.2652e-02,
        -1.3553e-02, -1.1884e-02, -4.2135e-02,  4.8416e-02,  1.5749e-02,
        -8.9084e-02, -4.4391e-02, -4.8734e-02,  6.7924e-02,  6.0099e-02,
         2.2569e-02,  8.4935e-02, -2.2364e-02,  5.3148e-03,  3.0098e-02,
         4.8453e-02, -2.8285e-02, -3.1588e-03,  8.1052e-02,  8.4041e-02,
         1.0062e-02, -2.8588e-02, -9.5621e-02, -4.4973e-02, -2.9708e-02,
         5.0766e-02,  4.2811e-02,  3.8297e-02, -3.3031e-02, -5.2958e-02,
         3.6292e-02,  1.1243e-01, -4.1628e-02, -2.2485e-02,  9.1054e-02,
         3.8370e-02, -8.3138e-02,  3.2496e-02, -1.5175e-02, -2.6590e-02,
         1.2394e-02, -7.1916e-02, -1.6639e-01,  3.0387e-02, -1.1732e-02,
         5.8901e-04,  2.1585e-03, -3.4163e-02,  2.3332e-02,  4.3216e-02,
         1.4375e-02, -2.0748e-02, -2.9667e-03,  2.1803e-02,  5.7565e-02,
        -3.3009e-02,  4.3311e-02,  9.8528e-02, -1.6587e-02,  9.0941e-03,
        -3.8770e-02,  3.6247e-02,  4.9536e-02, -7.5408e-02,  7.9108e-03,
        -9.6358e-02,  1.8926e-02, -2.0808e-02, -1.7554e-04, -1.1246e-01,
        -9.8814e-03,  1.8243e-02,  6.0157e-02,  3.1120e-02, -6.1083e-02,
         1.3042e-02, -5.8632e-02,  5.8267e-02,  1.3410e-02,  9.5724e-03,
         1.1262e-01,  5.7382e-02, -6.1002e-03,  3.4519e-02,  3.6656e-02,
        -8.2336e-02, -1.4543e-02, -5.9550e-02, -1.5897e-02, -5.8579e-02,
        -5.0228e-02,  2.3254e-03, -1.6654e-03, -8.8804e-02, -2.6963e-33,
         8.1102e-02, -3.7074e-02,  4.2674e-02,  3.1087e-02,  5.1155e-02,
         7.2271e-02,  8.3334e-02,  5.7321e-02, -6.4697e-02, -2.9013e-03,
         4.8663e-02,  2.3476e-02,  5.7535e-02,  5.6477e-02,  6.1597e-02,
         4.6042e-02,  1.0405e-02, -8.7737e-03, -3.3856e-03,  4.7169e-02,
        -1.7366e-02,  2.7315e-02,  3.3071e-02, -5.2035e-02,  3.9929e-02,
         4.5784e-02, -1.2663e-02, -2.6688e-02, -3.4100e-02, -5.5526e-02,
         3.7339e-02, -3.0934e-02,  5.0971e-02, -5.6690e-02,  2.3009e-03,
        -7.5398e-02, -3.4690e-02,  6.0576e-02, -1.6832e-03, -8.6295e-04,
         3.6421e-02, -1.3548e-02, -7.3513e-02,  2.9395e-02, -1.4386e-02,
         6.5915e-02,  3.9183e-02, -4.7206e-02, -2.8138e-02,  1.5560e-02,
        -2.2483e-02, -5.7474e-03,  1.5579e-02, -1.4421e-01,  5.5431e-02,
        -4.6279e-03,  6.9336e-03,  1.5210e-02, -5.3019e-02,  5.6987e-02,
        -3.5657e-02,  5.4900e-02, -2.4922e-02, -2.1717e-03], device='mps:0'), tensor([-4.4817e-02, -2.2303e-02,  5.9132e-03,  2.8994e-02,  6.3030e-02,
        -1.7447e-02, -1.0521e-01,  2.6653e-02,  5.6694e-03,  3.9680e-02,
         5.3243e-03,  1.3470e-02,  4.1537e-02, -1.3766e-01, -2.0707e-01,
        -4.6334e-02, -1.0578e-01, -9.8805e-03, -4.0831e-02,  5.0542e-02,
        -5.3103e-02,  4.9077e-02,  5.3073e-02,  2.4582e-02, -6.6986e-02,
         6.3942e-02, -3.5543e-02,  5.1743e-03,  9.0939e-03, -5.8056e-02,
         4.1041e-03,  7.0967e-02, -3.5493e-02, -1.5986e-02,  1.9298e-02,
         6.6613e-03, -4.8341e-02, -2.3138e-03, -1.9194e-02,  1.2251e-02,
         4.3132e-02, -5.2255e-02,  7.0579e-02,  4.0991e-02,  4.1803e-02,
        -1.2526e-02,  1.6599e-02, -7.5209e-02,  1.5771e-02,  5.0527e-02,
        -1.6564e-02, -3.2106e-02, -1.4076e-02,  1.6243e-02, -9.8071e-02,
        -6.3813e-02, -4.2817e-02, -2.0178e-02,  3.5222e-02, -1.1412e-01,
        -3.4751e-02,  4.8819e-02, -1.2883e-03, -2.8590e-02,  5.8183e-02,
         2.8722e-02, -1.4027e-01, -7.0892e-02, -3.6280e-02,  6.8712e-02,
        -6.1571e-02,  5.8432e-02, -4.7951e-02,  3.6471e-03,  3.3492e-03,
        -2.8441e-02,  6.7722e-02, -4.4609e-04, -4.8364e-03, -4.6531e-02,
         4.9472e-02, -2.0199e-02, -3.9588e-02, -9.0830e-03,  8.5974e-03,
        -1.6734e-02, -3.3909e-02,  9.5316e-02,  1.1461e-02, -6.9015e-02,
         1.1228e-01, -4.0730e-03, -3.4468e-02,  1.3704e-03,  1.3161e-02,
         1.6643e-02, -1.8192e-02, -5.5300e-02,  5.9928e-02, -2.2756e-02,
         2.9352e-05,  4.0050e-03,  3.7821e-04,  1.2757e-01,  3.8298e-03,
        -1.2107e-02,  7.3149e-02,  5.6833e-02,  3.3963e-02,  5.5647e-03,
         2.3349e-02, -6.2494e-03, -5.7958e-02, -5.7855e-02, -5.2764e-02,
        -1.1871e-01, -2.4403e-02, -4.5032e-02, -5.9889e-02,  5.9950e-02,
        -8.1002e-03, -2.3630e-02, -3.9718e-02,  1.9447e-02,  1.0019e-02,
         1.3379e-02, -7.6878e-02, -1.6166e-31,  2.9223e-02,  8.9795e-03,
         1.9846e-02, -5.2257e-02, -1.6432e-02,  2.6794e-02, -4.3635e-02,
        -4.1644e-02, -4.4569e-02,  7.6054e-02, -1.2023e-01,  2.8116e-02,
        -4.9517e-02, -1.5307e-02, -3.4741e-03,  5.5401e-02,  2.5485e-02,
        -2.1663e-02, -8.6380e-03, -7.9919e-02,  6.6431e-02,  7.9501e-03,
        -2.5789e-02, -7.8584e-02,  6.9579e-02,  7.8298e-02, -2.3886e-02,
        -3.1304e-02, -1.8510e-02, -2.1528e-02, -1.4843e-02,  3.9805e-02,
        -5.5976e-03, -4.6769e-02,  2.3906e-02,  3.3454e-02,  5.1761e-03,
        -3.8745e-02,  4.2575e-02, -5.3171e-02,  4.5941e-02,  4.2351e-03,
         4.3091e-02,  3.1242e-03,  1.6517e-02, -1.7240e-02,  5.0706e-02,
        -4.3021e-02,  6.8841e-02,  5.2467e-02,  6.9347e-02,  1.8933e-02,
        -1.5942e-02,  1.0282e-03,  8.1427e-02, -2.3169e-02,  7.6658e-03,
        -2.8548e-02, -5.0591e-02,  1.6532e-01,  7.0366e-02, -7.9255e-02,
         2.7231e-02, -2.5439e-02,  5.3407e-02,  2.2416e-03, -2.2962e-02,
         3.1496e-02, -2.9356e-02,  8.0692e-03, -1.3816e-02, -9.2981e-02,
         3.7318e-02, -3.2848e-03,  1.2030e-02, -4.3004e-02,  2.4260e-02,
        -8.6244e-02, -1.9086e-02, -1.9211e-03, -1.1365e-01,  4.7922e-03,
        -5.8302e-02, -5.0806e-02, -9.1963e-02,  7.4869e-03,  2.1875e-02,
         8.1724e-02, -1.3337e-02, -6.3077e-02,  2.8189e-02, -2.3291e-02,
        -1.1583e-02,  1.3776e-02, -8.5208e-02, -6.5772e-33, -1.3165e-01,
        -4.9218e-04,  2.3297e-02,  9.2204e-02,  5.4690e-02,  2.5499e-02,
        -4.6717e-02, -1.2359e-02, -4.4607e-02,  1.8325e-04,  1.4713e-01,
         5.5663e-02, -4.9388e-03, -6.4726e-02,  6.4957e-02,  4.3474e-03,
         3.1851e-02,  3.7055e-02,  6.8668e-02, -1.1674e-03, -2.4006e-02,
         8.9499e-02,  2.3510e-02, -7.0413e-02, -5.6287e-02, -7.3202e-02,
         7.3407e-02,  9.8839e-04, -4.0142e-02,  5.8303e-02, -4.4622e-02,
         5.9117e-02,  1.8205e-02, -2.5851e-02, -1.8685e-03,  7.6633e-02,
         4.7204e-03, -7.5750e-02, -1.4462e-02, -2.4907e-02,  3.0627e-02,
        -2.0370e-03, -2.7352e-02, -7.2965e-02,  5.1517e-02,  6.6146e-02,
        -2.7197e-02,  3.8739e-02,  7.7592e-02,  2.7939e-02,  9.7876e-02,
         1.0384e-02,  4.2233e-02,  4.6706e-02,  3.2977e-02,  6.2659e-02,
        -2.6797e-02,  6.8937e-02,  2.2984e-02, -1.6966e-02,  1.5740e-03,
        -1.6531e-02, -1.0523e-01, -5.5262e-02,  1.8138e-02, -6.9722e-03,
        -3.8799e-02, -2.7623e-02,  4.4252e-02,  6.2192e-02, -3.1976e-02,
        -4.8504e-03,  5.3328e-02,  6.1326e-02,  1.0703e-02,  2.3863e-02,
         3.1474e-02, -5.6809e-02,  3.2866e-02, -1.6069e-02, -3.8148e-02,
         8.0493e-02,  1.5023e-02, -8.2858e-03, -5.9441e-02, -2.8477e-02,
        -8.9548e-02, -8.9789e-02, -5.4374e-02,  1.1877e-02, -2.2716e-02,
        -5.5730e-02, -3.1253e-02,  7.7175e-02, -3.0760e-02, -2.7067e-33,
         7.1771e-02, -6.9228e-02, -2.5337e-02, -1.9539e-02,  3.6705e-02,
         4.4845e-02,  9.2737e-02,  2.8809e-02,  2.7714e-03,  8.6052e-03,
         6.2150e-02, -9.6757e-03,  5.5663e-02, -1.2984e-01,  7.7546e-03,
         9.1092e-02,  6.2430e-04,  6.3795e-03, -1.1594e-02, -7.5010e-02,
        -1.5483e-03,  3.8648e-02,  5.7764e-02, -6.3469e-02,  8.9896e-03,
         2.3299e-02, -2.3190e-02,  2.5741e-02, -4.7903e-02, -9.9180e-02,
         7.3564e-02, -7.5259e-02,  7.3534e-02, -5.3842e-02, -2.4286e-02,
        -5.7947e-03,  2.4918e-02,  7.5079e-03,  1.0075e-01,  2.4994e-02,
         3.6482e-03,  8.4927e-02, -7.3923e-02,  1.0520e-02, -3.6910e-02,
         8.3645e-02, -4.1169e-02,  4.3921e-02, -9.8445e-03, -1.7300e-02,
         2.3050e-02,  8.8290e-03,  4.0396e-02, -6.8735e-02,  5.2414e-02,
        -4.6408e-02,  1.3974e-02,  6.5124e-02, -2.1261e-02, -1.7234e-04,
        -5.3568e-02,  3.3255e-02, -6.5748e-03, -1.5729e-02], device='mps:0')]"
David Callan,"A determinant of Stirling cycle numbers counts unlabeled acyclic
  single-source automata","  We show that a determinant of Stirling cycle numbers counts unlabeled acyclic
single-source automata. The proof involves a bijection from these automata to
certain marked lattice paths and a sign-reversing involution to evaluate the
determinant.
","[tensor([-1.7568e-02, -3.5338e-03, -7.4970e-02,  2.5851e-02, -1.8253e-03,
         6.7203e-02,  5.7823e-02, -4.1992e-02, -6.3657e-02,  5.0117e-03,
         5.9234e-02, -8.1851e-02,  3.9862e-02, -3.1027e-02, -1.9816e-01,
        -3.3148e-02, -4.5433e-02, -3.3490e-02, -2.2047e-02,  4.3239e-02,
        -9.6394e-04,  1.0480e-01,  7.8454e-02, -5.2299e-03,  7.1554e-02,
        -2.2531e-03, -1.8525e-02, -5.5566e-02,  7.0438e-02, -1.1769e-02,
         2.1778e-03,  1.2469e-01, -2.8694e-02,  3.4301e-03,  1.3346e-01,
        -2.5445e-02,  3.8347e-02, -1.0508e-03,  4.9931e-02,  8.4136e-03,
         1.0801e-01, -4.1257e-02, -7.7062e-02,  3.1844e-02, -6.3262e-02,
        -6.3356e-03,  1.4932e-02, -3.3155e-02, -4.9349e-02,  2.9433e-03,
        -4.8255e-02, -2.8898e-02,  6.0398e-03, -1.5679e-02, -6.9745e-02,
        -1.9734e-02, -2.2029e-02, -4.8598e-02, -2.8091e-02, -3.8132e-02,
         2.8755e-02, -1.2537e-02, -3.5116e-02,  3.1310e-02,  8.7864e-02,
         7.3281e-03, -4.9914e-03, -9.5675e-03,  1.0488e-02,  4.0573e-02,
        -5.6916e-03, -7.6752e-02, -1.3619e-02,  2.8019e-02,  2.6062e-02,
        -5.6424e-02, -5.4450e-02, -9.1923e-02, -6.7319e-02, -8.0935e-02,
        -6.4761e-02, -1.4881e-02,  5.7962e-02,  4.5562e-02, -2.3035e-02,
        -1.4303e-02, -4.5817e-02, -1.3016e-02,  2.7653e-02,  1.1896e-02,
         4.9749e-02, -5.1130e-02,  8.8669e-02, -4.5529e-03, -3.2970e-02,
         7.8937e-02, -5.1576e-02,  1.0150e-01,  5.5033e-02,  2.9976e-02,
        -4.8378e-02,  4.2553e-02, -4.5347e-03,  3.4592e-02, -9.8648e-02,
        -3.3517e-02,  2.1220e-02, -4.1355e-02, -4.5328e-02, -2.9514e-02,
         6.6992e-02, -1.9077e-02, -2.5558e-03, -2.1125e-03, -4.4211e-02,
        -7.1101e-02,  8.4310e-02, -5.8812e-02,  3.8998e-02,  3.6091e-02,
        -2.4120e-02, -1.8264e-02, -4.6354e-02,  9.1718e-02,  4.3461e-02,
         4.0197e-02, -9.1954e-02, -3.5958e-31,  2.1005e-02,  5.5012e-03,
         3.4666e-02,  4.2762e-02,  3.8211e-02,  3.1530e-02, -5.8888e-02,
        -9.3839e-02, -2.0770e-02,  5.9961e-02, -5.2657e-03,  8.9340e-02,
        -3.8466e-02,  4.2408e-02, -1.2434e-01,  2.1645e-02, -1.3306e-02,
        -1.8054e-02,  1.4909e-03, -2.7445e-02,  7.4225e-02,  8.0291e-02,
         9.6885e-03, -8.7490e-02, -4.5392e-02,  3.3145e-02, -2.4675e-02,
        -4.0879e-03, -7.2310e-02, -1.4349e-02,  9.3524e-02, -8.2310e-03,
         3.0438e-04,  4.2323e-02,  7.0364e-04,  1.9847e-02, -9.9466e-03,
        -4.0298e-02, -4.7532e-02, -4.0426e-02, -4.1757e-02, -2.0403e-02,
         6.4157e-03, -2.8846e-02, -3.7957e-02, -1.9288e-02,  1.5092e-02,
        -3.8762e-02,  6.2911e-02,  8.9988e-02,  7.5956e-02,  4.9149e-02,
         8.7808e-03, -3.6926e-02, -3.9502e-03,  5.3266e-02, -1.9657e-02,
         3.2277e-02,  3.8197e-02,  1.0619e-01, -1.8967e-02,  7.7897e-02,
         7.5435e-02, -1.1800e-02,  1.6565e-02, -9.5583e-03, -1.1809e-02,
        -1.7091e-02,  2.8235e-02, -1.1246e-02, -6.0359e-02, -5.3717e-03,
         5.2988e-02,  1.4251e-02,  4.1575e-02, -3.7709e-02, -3.9684e-02,
        -9.7299e-02, -9.7596e-02, -7.1410e-02, -1.9526e-02,  1.1719e-02,
        -6.6047e-02, -1.0407e-01, -8.8775e-03, -6.1265e-02,  1.6152e-02,
         3.5453e-04, -2.6284e-02,  4.5179e-04,  1.9937e-01,  1.1147e-03,
         5.8405e-03, -2.9436e-02, -1.5655e-02, -5.6341e-33, -7.1204e-03,
         7.8893e-03,  6.8283e-03,  3.5525e-03, -5.8262e-02, -2.7340e-02,
        -3.7932e-02,  3.6131e-02, -3.5566e-02, -6.5012e-02,  9.9587e-02,
         1.6049e-01, -2.9800e-03,  3.2039e-02, -1.3049e-02, -4.9548e-02,
         7.5145e-02, -1.4907e-02,  5.0867e-02, -5.1002e-02, -5.7520e-02,
         1.1770e-01, -2.8836e-02, -1.8900e-02, -4.1548e-02, -6.8178e-02,
         1.2924e-02,  2.1528e-02,  9.7268e-02,  6.1950e-02,  2.1320e-02,
        -4.7852e-02,  4.5601e-02, -5.0954e-03,  1.6772e-02, -3.8286e-02,
         5.9721e-02, -6.6417e-02, -4.9902e-02,  2.2022e-02, -2.1477e-03,
         1.3977e-02, -1.2464e-02, -5.1303e-02, -2.5745e-02,  5.7978e-02,
        -2.9788e-02,  6.2829e-02, -2.9016e-02, -1.6213e-02,  5.3886e-02,
        -3.4269e-03, -1.4873e-02, -7.7985e-02,  1.0623e-01,  1.2937e-01,
         4.7657e-02, -3.2550e-02,  6.5839e-03,  2.3737e-02, -5.7248e-02,
         1.5056e-02, -5.6099e-03, -5.4217e-02,  1.7177e-03, -4.0888e-02,
        -7.4968e-02, -2.2011e-02,  2.3510e-02,  6.0640e-03,  1.2196e-02,
         6.0149e-02, -2.3020e-02, -1.2926e-01,  1.8701e-02,  4.4453e-02,
         6.1542e-02, -2.4807e-02, -1.2774e-02, -4.0457e-02, -7.9158e-02,
         6.0393e-02, -6.3694e-02,  4.2678e-02,  2.2270e-02, -3.7265e-02,
         1.4449e-02,  3.2528e-02,  4.8545e-02,  2.2533e-03,  7.1956e-02,
        -5.1789e-02, -9.6414e-03,  8.4928e-02,  1.8209e-02, -2.7839e-33,
        -7.1151e-02, -4.1986e-02,  1.8259e-02, -1.2201e-02,  7.8747e-02,
         2.3311e-02,  9.0040e-02, -2.5757e-02, -4.1205e-02, -2.7721e-02,
         4.4793e-02, -1.4488e-02, -1.0797e-02, -7.2396e-03,  3.7318e-02,
         2.7145e-02,  1.2312e-02, -4.8299e-03, -6.8416e-02,  4.0733e-02,
        -2.1188e-02, -2.8332e-02,  8.3586e-02,  5.2662e-02, -8.0214e-03,
         4.6813e-02, -1.7481e-02, -3.7511e-02, -5.7728e-02, -4.4135e-02,
         3.9645e-02, -3.2918e-02, -5.8498e-03,  2.5386e-02, -7.9510e-02,
         4.4160e-02, -1.0079e-02, -9.3667e-04,  5.9327e-02, -6.3698e-03,
        -5.1563e-02, -3.2815e-03, -7.7317e-04,  3.0351e-02, -3.3442e-02,
         4.5173e-02, -6.1330e-02,  5.8110e-02,  1.9091e-02, -9.9717e-02,
         2.2199e-02, -8.0767e-02,  3.1923e-02, -3.9813e-02, -4.5705e-02,
        -2.0902e-02,  2.4945e-02,  2.5344e-02,  2.8729e-02,  1.2432e-01,
        -5.0727e-02,  6.2253e-02, -2.7246e-03, -5.7387e-02], device='mps:0')]"
